<?xml version="1.0" encoding="UTF-8"?>
<project-private xmlns="http://www.netbeans.org/ns/project-private/1">
    <editor-bookmarks xmlns="http://www.netbeans.org/ns/editor-bookmarks/2" lastBookmarkId="0"/>
    <open-files xmlns="http://www.netbeans.org/ns/projectui-open-files/2">
        <group>
            <file>file:/C:/Users/telew/Desktop/Session/Session/src/session/Database.java</file>
            <file>file:/C:/Users/telew/Desktop/Session/Session/src/session/Log.java</file>
            <file>file:/C:/Users/telew/Desktop/Session/Session/src/session/UnitDataParser.java</file>
            <file>file:/C:/Users/telew/Desktop/Session/Session/src/session/New_User.java</file>
            <file>file:/C:/Users/telew/Desktop/Session/Session/src/session/Login.java</file>
            <file>file:/C:/Users/telew/Desktop/Session/Session/src/session/Session.java</file>
            <file>file:/C:/Users/telew/Desktop/Session/Session/src/session/Surfer.java</file>
            <file>file:/C:/Users/telew/Desktop/Session/Session/src/session/InfoFetcher.java</file>
            <file>file:/C:/Users/telew/Desktop/Session/Session/src/session/Home.java</file>
            <file>file:/C:/Users/telew/Desktop/Session/Session/src/session/Log_1.java</file>
        </group>
    </open-files>
</project-private>
